{"cameraMode":{"drawMode":0,"name":"Shaded","section":"Shading Mode"},"sceneLighting":false,"audioPlay":false,"sceneViewState":{"m_AlwaysRefresh":false,"showFog":true,"showSkybox":false,"showFlares":true,"showImageEffects":true,"showParticleSystems":true,"showVisualEffectGraphs":true,"m_FxEnabled":true},"in2DMode":false,"pivot":{"x":-0.0004654526710510254,"y":0.8607696890830994,"z":0.019451037049293519},"rotation":{"x":-0.06180734559893608,"y":0.3481450080871582,"z":0.023012230172753335,"w":0.9351238012313843},"size":1.512134075164795,"orthographic":true}