{"cameraMode":{"drawMode":0,"name":"Shaded","section":"Shading Mode"},"sceneLighting":false,"audioPlay":false,"sceneViewState":{"m_AlwaysRefresh":false,"showFog":false,"showSkybox":false,"showFlares":false,"showImageEffects":false,"showParticleSystems":false,"showVisualEffectGraphs":true,"m_FxEnabled":true},"in2DMode":false,"pivot":{"x":-4.76837158203125e-7,"y":1.4063034057617188,"z":-0.0131874680519104},"rotation":{"x":-0.14529255032539369,"y":0.004449410364031792,"z":-0.0006529221427626908,"w":-0.9893813729286194},"size":2.7267682552337648,"orthographic":false}