{"cameraMode":{"drawMode":0,"name":"Shaded","section":"Shading Mode"},"sceneLighting":false,"audioPlay":false,"sceneViewState":{"m_AlwaysRefresh":false,"showFog":true,"showSkybox":false,"showFlares":true,"showImageEffects":true,"showParticleSystems":true,"showVisualEffectGraphs":true,"m_FxEnabled":true},"in2DMode":false,"pivot":{"x":-0.8555464744567871,"y":1.2176001071929932,"z":0.322784423828125},"rotation":{"x":0.12685665488243104,"y":0.003571105422452092,"z":-0.00045670129475183785,"w":0.9919155240058899},"size":0.8660253882408142,"orthographic":false}