{"cameraMode":{"drawMode":0,"name":"Shaded","section":"Shading Mode"},"sceneLighting":false,"audioPlay":false,"sceneViewState":{"m_AlwaysRefresh":false,"showFog":true,"showSkybox":false,"showFlares":true,"showImageEffects":true,"showParticleSystems":true,"showVisualEffectGraphs":true,"m_FxEnabled":true},"in2DMode":false,"pivot":{"x":-0.037208057940006259,"y":0.6238828301429749,"z":0.004112736787647009},"rotation":{"x":-0.042954426258802417,"y":0.10351545363664627,"z":0.004474706016480923,"w":0.9936930537223816},"size":1.082938313484192,"orthographic":true}