{"cameraMode":{"drawMode":0,"name":"Shaded","section":"Shading Mode"},"sceneLighting":false,"audioPlay":false,"sceneViewState":{"m_AlwaysRefresh":false,"showFog":true,"showSkybox":false,"showFlares":true,"showImageEffects":true,"showParticleSystems":true,"showVisualEffectGraphs":true,"m_FxEnabled":true},"in2DMode":false,"pivot":{"x":0.26262521743774416,"y":2.1788547039031984,"z":-0.03783147782087326},"rotation":{"x":-0.0005923010758124292,"y":-0.9989899396896362,"z":0.013796832412481308,"w":-0.04287713021039963},"size":2.5883474349975588,"orthographic":true}