{"cameraMode":{"drawMode":0,"name":"Shaded","section":"Shading Mode"},"sceneLighting":false,"audioPlay":false,"sceneViewState":{"m_AlwaysRefresh":false,"showFog":false,"showSkybox":false,"showFlares":false,"showImageEffects":false,"showParticleSystems":false,"showVisualEffectGraphs":true,"m_FxEnabled":true},"in2DMode":false,"pivot":{"x":-0.29638776183128359,"y":-0.18396204710006715,"z":0.22139872610569},"rotation":{"x":0.03311747685074806,"y":0.8814364075660706,"z":-0.06251025944948197,"w":0.46697893738746645},"size":0.5933605432510376,"orthographic":false}